{
	"info": {
		"_postman_id": "26c5ee53-1f4b-41db-9342-3617c90059d3",
		"name": "deepface-api",
		"schema": "https://schema.getpostman.com/json/collection/v2.1.0/collection.json"
	},
	"item": [
		{
			"name": "Represent - form data",
			"request": {
				"method": "POST",
				"header": [],
				"body": {
					"mode": "formdata",
					"formdata": [
						{
							"key": "img",
							"type": "file",
							"src": "/Users/sefik/Desktop/deepface/tests/dataset/img1.jpg"
						},
						{
							"key": "model_name",
							"value": "Facenet",
							"type": "text"
						}
					],
					"options": {
						"raw": {
							"language": "json"
						}
					}
				},
				"url": {
					"raw": "http://127.0.0.1:5005/represent",
					"protocol": "http",
					"host": [
						"127",
						"0",
						"0",
						"1"
					],
					"port": "5005",
					"path": [
						"represent"
					]
				}
			},
			"response": []
		},
		{
			"name": "Represent - default",
			"request": {
				"method": "POST",
				"header": [],
				"body": {
					"mode": "raw",
					"raw": "{\n  \"model_name\": \"Facenet\",\n  \"img\": \"/Users/sefik/Desktop/deepface/tests/dataset/img1.jpg\"\n}",
					"options": {
						"raw": {
							"language": "json"
						}
					}
				},
				"url": {
					"raw": "http://127.0.0.1:5005/represent",
					"protocol": "http",
					"host": [
						"127",
						"0",
						"0",
						"1"
					],
					"port": "5005",
					"path": [
						"represent"
					]
				}
			},
			"response": []
		},
		{
			"name": "Face verification - default",
			"request": {
				"method": "POST",
				"header": [],
				"body": {
					"mode": "raw",
					"raw": "  {\n  \t\"img1\": \"/Users/sefik/Desktop/deepface/tests/dataset/img1.jpg\",\n    \"img2\": \"/Users/sefik/Desktop/deepface/tests/dataset/img2.jpg\",\n    \"model_name\": \"Facenet\",\n    \"detector_backend\": \"mtcnn\",\n    \"distance_metric\": \"euclidean\"\n  }",
					"options": {
						"raw": {
							"language": "json"
						}
					}
				},
				"url": {
					"raw": "http://127.0.0.1:5005/verify",
					"protocol": "http",
					"host": [
						"127",
						"0",
						"0",
						"1"
					],
					"port": "5005",
					"path": [
						"verify"
					]
				}
			},
			"response": []
		},
		{
			"name": "Face verification - form data",
			"request": {
				"method": "POST",
				"header": [],
				"body": {
					"mode": "formdata",
					"formdata": [
						{
							"key": "img1",
							"type": "file",
							"src": "/Users/sefik/Desktop/deepface/tests/dataset/img1.jpg"
						},
						{
							"key": "img2",
							"type": "file",
							"src": "/Users/sefik/Desktop/deepface/tests/dataset/img2.jpg"
						},
						{
							"key": "model_name",
							"value": "Facenet",
							"type": "text"
						}
					],
					"options": {
						"raw": {
							"language": "json"
						}
					}
				},
				"url": {
					"raw": "http://127.0.0.1:5005/verify",
					"protocol": "http",
					"host": [
						"127",
						"0",
						"0",
						"1"
					],
					"port": "5005",
					"path": [
						"verify"
					]
				}
			},
			"response": []
		},
		{
			"name": "Face analysis - default",
			"request": {
				"method": "POST",
				"header": [],
				"body": {
					"mode": "raw",
					"raw": "{\n    \"img\": \"/Users/sefik/Desktop/deepface/tests/dataset/img1.jpg\",\n    \"actions\": [\"age\", \"gender\", \"emotion\", \"race\"]\n}",
					"options": {
						"raw": {
							"language": "json"
						}
					}
				},
				"url": {
					"raw": "http://127.0.0.1:5005/analyze",
					"protocol": "http",
					"host": [
						"127",
						"0",
						"0",
						"1"
					],
					"port": "5005",
					"path": [
						"analyze"
					]
				}
			},
			"response": []
		},
		{
			"name": "Face analysis - form data",
			"request": {
				"method": "POST",
				"header": [],
				"body": {
					"mode": "formdata",
					"formdata": [
						{
							"key": "img",
							"type": "file",
							"src": "/Users/sefik/Desktop/deepface/tests/dataset/img1.jpg"
						},
						{
							"key": "actions",
							"value": "\"[age, gender]\"",
							"type": "text"
						}
					],
					"options": {
						"raw": {
							"language": "json"
						}
					}
				},
				"url": {
					"raw": "http://localhost:5005/analyze",
					"protocol": "http",
					"host": [
						"localhost"
					],
					"port": "5005",
					"path": [
						"analyze"
					]
				}
			},
			"response": []
		}
	]
}